"original_filename","source","path","version","status","subject","purpose","sha256"
"Foto 3.jpg (3-Foto-3.jpg)","Auteur, chat 2026-09-29; set 596000C0-CC47-4A0E-B2EB-23E052DB7C33","references/characters/oscar/oscar_sheet_v001.jpg","v001; bronversie onbekend","CANON","Oscar","Actieve gelabelde characterreferentie; uitzonderingen in referentiebesluit","2D5E69B2FD30B27BDFCAC29AE9D651A83211838C7AC280C75F29D4BA790C1CEA"
"Foto 3.jpg (3-Foto-3.jpg)","Auteur, chat 2026-09-29; set 596000C0-CC47-4A0E-B2EB-23E052DB7C33","references/characters/philijne/philijne_sheet_v001.jpg","v001; bronversie onbekend","CANON","Philijne","Actieve gelabelde characterreferentie; uitzonderingen in referentiebesluit","2D5E69B2FD30B27BDFCAC29AE9D651A83211838C7AC280C75F29D4BA790C1CEA"
"Foto 5.jpg (5-Foto-5.jpg)","Auteur, chat 2026-09-29; set 596000C0-CC47-4A0E-B2EB-23E052DB7C33","references/characters/elke/elke_sheet_v001.jpg","v001; bronversie onbekend","CANON","Elke","Actieve gelabelde characterreferentie; uitzonderingen in referentiebesluit","7228BBEE95A9FC48640BF53F0BBDB544CFDC2F1467B1365F9460B6197FEF2643"
"Foto 5.jpg (5-Foto-5.jpg)","Auteur, chat 2026-09-29; set 596000C0-CC47-4A0E-B2EB-23E052DB7C33","references/characters/bella/bella_sheet_v001.jpg","v001; bronversie onbekend","CANON","Bella","Actieve gelabelde characterreferentie; uitzonderingen in referentiebesluit","7228BBEE95A9FC48640BF53F0BBDB544CFDC2F1467B1365F9460B6197FEF2643"
"Foto 5.jpg (5-Foto-5.jpg)","Auteur, chat 2026-09-29; set 596000C0-CC47-4A0E-B2EB-23E052DB7C33","references/characters/koning/koning_sheet_v001.jpg","v001; bronversie onbekend","CANON","Koning","Actieve gelabelde characterreferentie; uitzonderingen in referentiebesluit","7228BBEE95A9FC48640BF53F0BBDB544CFDC2F1467B1365F9460B6197FEF2643"
"Foto 5.jpg (5-Foto-5.jpg)","Auteur, chat 2026-09-29; set 596000C0-CC47-4A0E-B2EB-23E052DB7C33","references/characters/koningin/koningin_sheet_v001.jpg","v001; bronversie onbekend","CANON","Koningin","Actieve gelabelde characterreferentie; uitzonderingen in referentiebesluit","7228BBEE95A9FC48640BF53F0BBDB544CFDC2F1467B1365F9460B6197FEF2643"
"Foto 5.jpg (5-Foto-5.jpg)","Auteur, chat 2026-09-29; set 596000C0-CC47-4A0E-B2EB-23E052DB7C33","references/characters/elsa/elsa_sheet_v001.jpg","v001; bronversie onbekend","CANON","Elsa","Actieve gelabelde characterreferentie; uitzonderingen in referentiebesluit","7228BBEE95A9FC48640BF53F0BBDB544CFDC2F1467B1365F9460B6197FEF2643"
"Foto 5.jpg (5-Foto-5.jpg)","Auteur, chat 2026-09-29; set 596000C0-CC47-4A0E-B2EB-23E052DB7C33","references/characters/pake-jasper/pake-jasper_sheet_v001.jpg","v001; bronversie onbekend","CANON","Pake Jasper","Actieve gelabelde characterreferentie; uitzonderingen in referentiebesluit","7228BBEE95A9FC48640BF53F0BBDB544CFDC2F1467B1365F9460B6197FEF2643"
"Foto 5.jpg (5-Foto-5.jpg)","Auteur, chat 2026-09-29; set 596000C0-CC47-4A0E-B2EB-23E052DB7C33","references/characters/mama-silvie/mama-silvie_sheet_v001.jpg","v001; bronversie onbekend","CANON","Mama Silvie","Actieve gelabelde characterreferentie; uitzonderingen in referentiebesluit","7228BBEE95A9FC48640BF53F0BBDB544CFDC2F1467B1365F9460B6197FEF2643"
"Foto 5.jpg (5-Foto-5.jpg)","Auteur, chat 2026-09-29; set 596000C0-CC47-4A0E-B2EB-23E052DB7C33","references/characters/oom-roel/oom-roel_sheet_v001.jpg","v001; bronversie onbekend","CANON","Oom Roel","Actieve gelabelde characterreferentie; uitzonderingen in referentiebesluit","7228BBEE95A9FC48640BF53F0BBDB544CFDC2F1467B1365F9460B6197FEF2643"
"Foto 5.jpg (5-Foto-5.jpg)","Auteur, chat 2026-09-29; set 596000C0-CC47-4A0E-B2EB-23E052DB7C33","references/characters/opa-wilbert/opa-wilbert_sheet_v001.jpg","v001; bronversie onbekend","CANON","Opa Wilbert","Actieve gelabelde characterreferentie; uitzonderingen in referentiebesluit","7228BBEE95A9FC48640BF53F0BBDB544CFDC2F1467B1365F9460B6197FEF2643"
"Foto 2.jpg (2-Foto-2.jpg)","Auteur, chat 2026-09-29; set 596000C0-CC47-4A0E-B2EB-23E052DB7C33","references/characters/henk-barry/henk-barry_sheet_v001.jpg","v001; bronversie onbekend","CANON","Henk Barry","Actieve gelabelde characterreferentie; uitzonderingen in referentiebesluit","84A3BD9841AB7374ED2D6AB12629AD0173E5AFA5460980F374966603539CC78F"
"Foto 2.jpg (2-Foto-2.jpg)","Auteur, chat 2026-09-29; set 596000C0-CC47-4A0E-B2EB-23E052DB7C33","references/characters/koko/koko_sheet_v001.jpg","v001; bronversie onbekend","CANON","Koko","Actieve gelabelde characterreferentie; uitzonderingen in referentiebesluit","84A3BD9841AB7374ED2D6AB12629AD0173E5AFA5460980F374966603539CC78F"
"Foto 2.jpg (2-Foto-2.jpg)","Auteur, chat 2026-09-29; set 596000C0-CC47-4A0E-B2EB-23E052DB7C33","references/characters/zara/zara_sheet_v001.jpg","v001; bronversie onbekend","CANON","Zara","Actieve gelabelde characterreferentie; uitzonderingen in referentiebesluit","84A3BD9841AB7374ED2D6AB12629AD0173E5AFA5460980F374966603539CC78F"
"Foto 2.jpg (2-Foto-2.jpg)","Auteur, chat 2026-09-29; set 596000C0-CC47-4A0E-B2EB-23E052DB7C33","references/characters/mosi/mosi_sheet_v001.jpg","v001; bronversie onbekend","CANON","Mosi","Actieve gelabelde characterreferentie; uitzonderingen in referentiebesluit","84A3BD9841AB7374ED2D6AB12629AD0173E5AFA5460980F374966603539CC78F"
"Foto 2.jpg (2-Foto-2.jpg)","Auteur, chat 2026-09-29; set 596000C0-CC47-4A0E-B2EB-23E052DB7C33","references/characters/tamu/tamu_sheet_v001.jpg","v001; bronversie onbekend","CANON","Tamu","Actieve gelabelde characterreferentie; uitzonderingen in referentiebesluit","84A3BD9841AB7374ED2D6AB12629AD0173E5AFA5460980F374966603539CC78F"
"Foto 1.jpg (1-Foto-1.jpg)","Auteur, chat 2026-09-29; set 596000C0-CC47-4A0E-B2EB-23E052DB7C33","references/previous-books/book-2/import-2026-09-29/1-Foto-1.jpg","originele upload; bronversie onbekend","CONTINUITY SOURCE","Oscar, Philijne, Henk Barry","Historisch bronarchief; actieve selectie via characterregister","4F77ACE85693E4CA05A0DB543499131965B978833ACA33FC1A5F0F4810421C88"
"Foto 2.jpg (2-Foto-2.jpg)","Auteur, chat 2026-09-29; set 596000C0-CC47-4A0E-B2EB-23E052DB7C33","references/previous-books/book-2/import-2026-09-29/2-Foto-2.jpg","originele upload; bronversie onbekend","CONTINUITY SOURCE","Gorillafamilie","Historisch bronarchief; actieve selectie via characterregister","84A3BD9841AB7374ED2D6AB12629AD0173E5AFA5460980F374966603539CC78F"
"Foto 3.jpg (3-Foto-3.jpg)","Auteur, chat 2026-09-29; set 596000C0-CC47-4A0E-B2EB-23E052DB7C33","references/previous-books/book-2/import-2026-09-29/3-Foto-3.jpg","originele upload; bronversie onbekend","CONTINUITY SOURCE","Boek-2-personages","Historisch bronarchief; actieve selectie via characterregister","2D5E69B2FD30B27BDFCAC29AE9D651A83211838C7AC280C75F29D4BA790C1CEA"
"Foto 4.jpg (4-Foto-4.jpg)","Auteur, chat 2026-09-29; set 596000C0-CC47-4A0E-B2EB-23E052DB7C33","references/previous-books/book-2/import-2026-09-29/4-Foto-4.jpg","originele upload; bronversie onbekend","CONTINUITY SOURCE","Duplicaat boek-2-personages","Historisch bronarchief; actieve selectie via characterregister","2D5E69B2FD30B27BDFCAC29AE9D651A83211838C7AC280C75F29D4BA790C1CEA"
"Foto 5.jpg (5-Foto-5.jpg)","Auteur, chat 2026-09-29; set 596000C0-CC47-4A0E-B2EB-23E052DB7C33","references/previous-books/book-2/import-2026-09-29/5-Foto-5.jpg","originele upload; bronversie onbekend","CONTINUITY SOURCE","Koninklijke familie en bondgenoten","Historisch bronarchief; actieve selectie via characterregister","7228BBEE95A9FC48640BF53F0BBDB544CFDC2F1467B1365F9460B6197FEF2643"
"Foto 6.jpg (6-Foto-6.jpg)","Auteur, chat 2026-09-29; set 596000C0-CC47-4A0E-B2EB-23E052DB7C33","references/previous-books/book-2/import-2026-09-29/6-Foto-6.jpg","originele upload; bronversie onbekend","CONTINUITY SOURCE","Toernooiensemble","Historisch bronarchief; actieve selectie via characterregister","0F787A4540A4FA60301B49D42C7826F9190398A6BBF1C218A88A09EC31F4BD2E"
"Foto 1.jpg (1-Foto-1.jpg)","Auteur, chat 2026-09-29; set EE1BC12C-0171-4EB2-B14D-6BEBFBF0BF73","artwork/book-3/concepts/cover-import-2026-09-29/1-Foto-1.jpg","originele upload; bronversie onbekend","CONCEPT","Cover boek 3","Boekmock-up en sfeer","B049DCF6AB5058293F2B9A41F42F043658CCBAFC7FC76F82B82095F455277C98"
"Foto 2.jpg (2-Foto-2.jpg)","Auteur, chat 2026-09-29; set EE1BC12C-0171-4EB2-B14D-6BEBFBF0BF73","artwork/book-3/concepts/cover-import-2026-09-29/2-Foto-2.jpg","originele upload; bronversie onbekend","CONCEPT","Cover boek 3","Voorcovercompositie, titelhiërarchie en draakrichting; zwaard uitgesloten","2268548CC1FCEF42A1236DB2D02D44F9E53DB91535352C718DB662BEF51F13D7"
"Foto 3.jpg (3-Foto-3.jpg)","Auteur, chat 2026-09-29; set EE1BC12C-0171-4EB2-B14D-6BEBFBF0BF73","artwork/book-3/concepts/cover-import-2026-09-29/3-Foto-3.jpg","originele upload; bronversie onbekend","CONCEPT","Cover boek 3","Duplicaat voorcoverconcept; zelfde beperkte toepassing","2268548CC1FCEF42A1236DB2D02D44F9E53DB91535352C718DB662BEF51F13D7"
"Foto 4.jpg (4-Foto-4.jpg)","Auteur, chat 2026-09-29; set EE1BC12C-0171-4EB2-B14D-6BEBFBF0BF73","artwork/book-3/concepts/cover-import-2026-09-29/4-Foto-4.jpg","originele upload; bronversie onbekend","CONCEPT","Cover boek 3","Omslagcompositie, berg/kasteelrichting en conceptflaptekst","88F2C1BBAC03B2D3EE42228376BCCB89964FABCCD329EC2A5C31EA2A37F5FCDC"
